연도,시군,코드,재배면적(ha),생산량(M/T),작황(kg/10a)
2013,강원도_강릉시,51150,24,187,779.2
2014,강원도_강릉시,51150,23.7,221.7,935.4
2015,강원도_강릉시,51150,23.7,191.3,807
2016,강원도_강릉시,51150,23.1,214.3,927.6
2017,강원도_강릉시,51150,21.2,181.1,854.3
2018,강원도_강릉시,51150,18.5,157.6,851.8
2019,강원도_강릉시,51150,14.8,138.4,935
2020,강원도_강릉시,51150,14.3,116.5,815
2021,강원도_강릉시,51150,14.3,118.5,829
2013,강원도_동해시,51170,18.1,136.1,751.9
2014,강원도_동해시,51170,17.9,135.4,756.4
2015,강원도_동해시,51170,17.9,135.4,756.4
2016,강원도_동해시,51170,17.5,136,777.1
2017,강원도_동해시,51170,18,141.3,785
2018,강원도_동해시,51170,17.6,138,784.1
2019,강원도_동해시,51170,18,142,788.9
2020,강원도_동해시,51170,17.5,141,805.7
2013,강원도_삼척시,51230,90.1,871.1,966.8
2014,강원도_삼척시,51230,88.6,856,966.1
2015,강원도_삼척시,51230,87.8,836.6,952.4
2016,강원도_삼척시,51230,65.5,627.9,958.6
2017,강원도_삼척시,51230,43.3,347.5,801.8
2018,강원도_삼척시,51230,44,359.4,820.3
2019,강원도_삼척시,51230,44.1,363,823.1
2020,강원도_삼척시,51230,42.7,352.2,824.6
2013,강원도_양구군,51800,2.1,18.5,881
2014,강원도_양구군,51800,2.1,18,900
2015,강원도_양구군,51800,5,15,300
2016,강원도_양구군,51800,2.4,19.4,874
2017,강원도_양구군,51800,4.8,40.8,867
2018,강원도_양구군,51800,4.8,40.8,867
2019,강원도_양구군,51800,3,22.7,762
2020,강원도_양구군,51800,3.4,36.1,1061.8
2013,강원도_양양군,51830,9,74,822.2
2014,강원도_양양군,51830,8.3,68.5,825.3
2015,강원도_양양군,51830,7.5,54.3,724
2016,강원도_양양군,51830,7,56.1,801.4
2017,강원도_양양군,51830,6.7,51.2,762.5
2018,강원도_양양군,51830,6.1,46.1,755.7
2019,강원도_양양군,51830,6.5,49.7,759.9
2020,강원도_양양군,51830,1.5,12,796.3
2013,강원도_영월군,51750,19.4,155.9,804.1
2014,강원도_영월군,51750,17,123.4,726
2015,강원도_영월군,51750,17.8,130,695
2016,강원도_영월군,51750,15.8,107.5,680.4
2017,강원도_영월군,51750,16.9,130.5,772.2
2018,강원도_영월군,51750,11,83.8,761.8
2019,강원도_영월군,51750,14.7,89.1,606.1
2020,강원도_영월군,51750,14.7,89.1,606.1
2013,강원도_원주시,51130,75.1,529.6,705.1
2014,강원도_원주시,51130,73,512.5,702.1
2015,강원도_원주시,51130,59.1,416.6,704.9
2016,강원도_원주시,51130,60,413,696.6
2017,강원도_원주시,51130,60.3,364,603.6
2018,강원도_원주시,51130,60.3,363.7,603.2
2019,강원도_원주시,51130,62.4,367.1,587.9
2020,강원도_원주시,51130,62.4,363.5,582.1
2021,강원도_원주시,51130,62.1,361.1,581.9
2013,강원도_홍천군,51720,23.3,161.5,693.3
2014,강원도_홍천군,51720,24.6,165.3,672
2015,강원도_홍천군,51720,24.4,163.1,668.4
2016,강원도_홍천군,51720,28.9,163.1,564.4
2017,강원도_홍천군,51720,29,163.1,562.4
2018,강원도_홍천군,51720,30.6,168.1,549.3
2019,강원도_홍천군,51720,11.7,66.2,565.8
2020,강원도_홍천군,51720,12.6,71.6,568.3
2021,강원도_홍천군,51720,-,-,-
2013,경기도_안성시,41550,40,390,975
2014,경기도_안성시,41550,41,400,976
2015,경기도_안성시,41550,40,390,975
2016,경기도_안성시,41550,39,394,1010
2017,경기도_안성시,41550,41,389,948
2018,경기도_안성시,41550,45,444,987
2019,경기도_안성시,41550,58,571,980
2020,경기도_안성시,41550,62,590,951
2021,경기도_안성시,41550,54,530,981.5
2013,경기도_양주시,41630,6,41.2,687
2014,경기도_양주시,41630,5.9,40.4,680
2015,경기도_양주시,41630,5.5,38.4,698
2016,경기도_양주시,41630,5.5,38.6,691
2017,경기도_양주시,41630,7.9,58,739
2018,경기도_양주시,41630,7,51.2,731
2019,경기도_양주시,41630,6.1,45.6,748
2020,경기도_양주시,41630,5.7,62.7,1100
2021,경기도_양주시,41630,5.5,55.4,1009
2012,경기도_양평군,41830,32,38.7,997
2013,경기도_양평군,41830,34,33.8,996
2014,경기도_양평군,41830,34,33.8,996
2015,경기도_양평군,41830,9.3,70.2,755
2016,경기도_양평군,41830,9.8,210.3,2138.9
2017,경기도_양평군,41830,46.2,991.4,2138.9
2018,경기도_양평군,41830,43.3,976.9,2256.1
2019,경기도_양평군,41830,41.3,937.4,2166.7
2020,경기도_양평군,41830,40,907.9,2098.5
2021,경기도_양평군,41830,38.6,888.1,2300.7
2017,경기도_평택시,41220,5.8,79.4,1369
2018,경기도_평택시,41220,7.8,37.7,483
2019,경기도_평택시,41220,7.8,37.7,483.3
2020,경기도_평택시,41220,86.8,943.8,1087.3
2021,경기도_평택시,41220,29.7,327.5,1102.6
2009,경상남도_거제시,48310,102.8,1455,1415
2010,경상남도_거제시,48310,86.9,1160,1335
2011,경상남도_거제시,48310,86,1204,1400
2012,경상남도_거제시,48310,81,891,1100
2013,경상남도_거제시,48310,79,870,1101
2014,경상남도_거제시,48310,28.1,157,559
2015,경상남도_거제시,48310,28.8,209.8,728
2016,경상남도_거제시,48310,20,158.9,795
2017,경상남도_거제시,48310,19.9,156.8,788
2018,경상남도_거제시,48310,19.5,154,790
2019,경상남도_거제시,48310,25,199.6,798.4
2020,경상남도_거제시,48310,25,199.5,798
2021,경상남도_거제시,48310,24.6,180.3,732.8
2007,경상남도_거창군,48880,3.8,54.7,1440
2008,경상남도_거창군,48880,43.7,404,924.5
2009,경상남도_거창군,48880,40.5,381.7,942.5
2010,경상남도_거창군,48880,23,353,1534.7
2011,경상남도_거창군,48880,15.9,150,942
2012,경상남도_거창군,48880,16,245,1531
2013,경상남도_거창군,48880,5.2,108.9,2094.2
2014,경상남도_거창군,48880,5.2,117.6,2261.5
2015,경상남도_거창군,48880,8,94.5,1182
2016,경상남도_거창군,48880,0.3,7.1,2366.6
2017,경상남도_거창군,48880,12,173,1441.6
2018,경상남도_거창군,48880,17,208,1223.5
2019,경상남도_거창군,48880,34.5,11.1,32.1
2020,경상남도_거창군,48880,30.4,11.1,36.5
2021,경상남도_거창군,48880,29.4,352.8,1200
2012,경상남도_고성군,48820,6.4,89.5,1399
2013,경상남도_고성군,48820,6.4,89.5,1398.4
2014,경상남도_고성군,48820,34.5,475.1,1377.1
2015,경상남도_고성군,48820,20.5,282,1375.6
2016,경상남도_고성군,48820,21.3,293.9,1379.8
2017,경상남도_고성군,48820,22,305,1386.4
2018,경상남도_고성군,48820,21.5,303,1409.3
2019,경상남도_고성군,48820,21,276,1316
2020,경상남도_고성군,48820,16,243,1521
2021,경상남도_고성군,48820,14.7,209,1419
2009,경상남도_남해군,48840,1202,14600,1215
2010,경상남도_남해군,48840,1202,14673,1221
2011,경상남도_남해군,48840,1189,15933,1340
2012,경상남도_남해군,48840,1122,13767,1227
2013,경상남도_남해군,48840,1018,13696,1346
2014,경상남도_남해군,48840,872,12687,1455
2015,경상남도_남해군,48840,694,10782,1553.6
2016,경상남도_남해군,48840,953,7738,812
2017,경상남도_남해군,48840,725,10157,1401
2018,경상남도_남해군,48840,777,10878,1400
2019,경상남도_남해군,48840,700.2,10511.8,1501.3
2020,경상남도_남해군,48840,654.1,10214.7,1561.6
2021,경상남도_남해군,48840,540,7095,1313.9
2012,경상남도_밀양시,48270,2,31.3,1565
2013,경상남도_밀양시,48270,3.3,52.1,1579
2014,경상남도_밀양시,48270,5.1,85.2,1671
2015,경상남도_밀양시,48270,9.3,155.2,1669
2016,경상남도_밀양시,48270,6.5,106.8,1643
2017,경상남도_밀양시,48270,11.2,144.6,1291
2018,경상남도_밀양시,48270,61.9,1101.8,1780
2019,경상남도_밀양시,48270,71.7,818.7,1142
2020,경상남도_밀양시,48270,76,950,1250
2021,경상남도_밀양시,48270,30,242,807
2009,경상남도_산청군,48860,76.7,1200,1564.5
2010,경상남도_산청군,48860,70.9,771.2,1088
2011,경상남도_산청군,48860,75.5,928.9,1230
2012,경상남도_산청군,48860,65.7,900.1,1370
2013,경상남도_산청군,48860,66.3,898.4,1355
2014,경상남도_산청군,48860,62.7,734.9,1172
2015,경상남도_산청군,48860,73,847.8,1161
2016,경상남도_산청군,48860,77.4,974.5,1259
2017,경상남도_산청군,48860,71.5,942.5,1318
2018,경상남도_산청군,48860,71.5,942.5,1318
2020,경상남도_산청군,48860,98,1289,1315
2021,경상남도_산청군,48860,97.8,1287,1316
2009,경상남도_의령군,48720,71,779,1100
2010,경상남도_의령군,48720,69,945,1367
2011,경상남도_의령군,48720,71.8,405,564.1
2012,경상남도_의령군,48720,72,818,1143
2013,경상남도_의령군,48720,82,1035,1270
2014,경상남도_의령군,48720,90,985,1089
2015,경상남도_의령군,48720,96,1235,1281
2016,경상남도_의령군,48720,97,1051,1090
2017,경상남도_의령군,48720,189,2182,1157
2018,경상남도_의령군,48720,140.8,2611.6,1854.8
2019,경상남도_의령군,48720,144.2,2684.2,1861.4
2020,경상남도_의령군,48720,149.2,2771.9,1857.8
2021,경상남도_의령군,48720,140,2778.3,1984.5
2009,경상남도_진주시,48170,43,386,898
2010,경상남도_진주시,48170,44,405,920
2011,경상남도_진주시,48170,44,406,923
2012,경상남도_진주시,48170,24,677,2821
2013,경상남도_진주시,48170,33,460,1394
2014,경상남도_진주시,48170,31,420,1356
2015,경상남도_진주시,48170,31,423,1365
2016,경상남도_진주시,48170,23,319,1410
2017,경상남도_진주시,48170,20,305,1564
2018,경상남도_진주시,48170,66,855,1295
2019,경상남도_진주시,48170,21.2,304.9,1438.1
2020,경상남도_진주시,48170,20.8,260,1250
2021,경상남도_진주시,48170,21,260,1238.2
2011,경상남도_창녕군,48740,1861,30305,1628.4
2012,경상남도_창녕군,48740,2173,33900,1560.1
2013,경상남도_창녕군,48740,2591,45819,1768
2014,경상남도_창녕군,48740,2361,40503,1715.5
2015,경상남도_창녕군,48740,2268,34507,1521.5
2016,경상남도_창녕군,48740,2324,45513,1958.4
2017,경상남도_창녕군,48740,2451,36612,1493
2018,경상남도_창녕군,48740,2793.8,52463,1877.9
2019,경상남도_창녕군,48740,2777,59409,2139.3
2020,경상남도_창녕군,48740,2808,48968.7,1743.9
2021,경상남도_창녕군,48740,3049,59912,1965
2010,경상남도_하동군,48850,150,2300,1533
2011,경상남도_하동군,48850,92.4,1446,1191
2012,경상남도_하동군,48850,102.2,1287,1260
2013,경상남도_하동군,48850,95,1278,-
2014,경상남도_하동군,48850,99,1497,1509
2015,경상남도_하동군,48850,59.1,811,1372
2016,경상남도_하동군,48850,56.9,773,1359
2017,경상남도_하동군,48850,73.2,1012,1839
2018,경상남도_하동군,48850,75.4,1033,1370
2019,경상남도_하동군,48850,76.4,1062,1390
2020,경상남도_하동군,48850,130.5,2203,1687
2021,경상남도_하동군,48850,120.5,2102,1744
2011,경상남도_함양군,48870,50,602,1204
2012,경상남도_함양군,48870,45,602,1337
2013,경상남도_함양군,48870,25,344,1376
2014,경상남도_함양군,48870,25,344,1376
2015,경상남도_함양군,48870,21.8,292,1340
2016,경상남도_함양군,48870,23,380,1652
2017,경상남도_함양군,48870,27,446,1651
2018,경상남도_함양군,48870,30,496,1653
2019,경상남도_함양군,48870,14,231,1650
2020,경상남도_함양군,48870,14,231,1650
2021,경상남도_함양군,48870,13.4,214,1597
2015,경상남도_합천군,48890,879,15822,1800
2016,경상남도_합천군,48890,879,14064,1600
2017,경상남도_합천군,48890,899.7,12973,1441.9
2018,경상남도_합천군,48890,889.4,14431.6,1622.6
2019,경상남도_합천군,48890,1003.2,16618.1,1656.5
2020,경상남도_합천군,48890,869,18909.4,2176
2021,경상남도_합천군,48890,952,20467,2150
2011,경상남도_고령군,47830,125.4,1642.7,1310
2012,경상남도_고령군,47830,168,2200.8,1310
2013,경상남도_고령군,47830,193,2608,1350
2012,경상북도_구미시,47190,22,237,1077
2013,경상북도_구미시,47190,15,138,920
2014,경상북도_구미시,47190,23,284,1235
2015,경상북도_구미시,47190,27,2999,11107
2016,경상북도_구미시,47190,28,3002,10721
2017,경상북도_구미시,47190,32,3400,10625
2018,경상북도_구미시,47190,45,1213,2696
2019,경상북도_구미시,47190,44,1203,2734
2020,경상북도_구미시,47190,44,1230,2795
2011,경상북도_군위군,27720,299,4042,1352
2012,경상북도_군위군,27720,375,4050,1080
2013,경상북도_군위군,27720,116.4,1610,1383
2014,경상북도_군위군,27720,335,2910,869
2015,경상북도_군위군,27720,251.4,4759,1893
2016,경상북도_군위군,27720,279.7,5169,1848
2017,경상북도_군위군,27720,243.1,3869,1591
2018,경상북도_군위군,27720,336,3804,1132
2019,경상북도_군위군,27720,328,3650,1113
2020,경상북도_군위군,27720,330,3660,1109
2010,경상북도_김천시,47150,24,185,772
2011,경상북도_김천시,47150,21,223,1062
2012,경상북도_김천시,47150,21,223,1062
2013,경상북도_김천시,47150,16,158,987
2014,경상북도_김천시,47150,14,144,1028
2015,경상북도_김천시,47150,14,127,907
2016,경상북도_김천시,47150,9,92,1022
2017,경상북도_김천시,47150,11,139,1264
2018,경상북도_김천시,47150,11,137,1246
2019,경상북도_김천시,47150,9,108,1200
2020,경상북도_김천시,47150,9,108,1200
2011,경상북도_문경시,47280,38.4,420.8,1095.8
2012,경상북도_문경시,47280,39.6,431.8,1090.4
2013,경상북도_문경시,47280,31.6,366.5,1159.8
2014,경상북도_문경시,47280,23.7,316.5,1335.4
2015,경상북도_문경시,47280,24.5,314,1281.6
2016,경상북도_문경시,47280,23.9,294.8,1233.5
2017,경상북도_문경시,47280,26.5,314.6,1187.2
2018,경상북도_문경시,47280,25.8,307.1,1190.5
2019,경상북도_문경시,47280,25.8,307.1,1190.5
2020,경상북도_문경시,47280,18.8,266,1414.9
2021,경상북도_문경시,47280,17.3,240,1387.3
2011,경상북도_상주시,47250,53.1,652,1227.9
2012,경상북도_상주시,47250,63,761,1207.9
2013,경상북도_상주시,47250,59,708,1200
2014,경상북도_상주시,47250,57.9,576,994.8
2015,경상북도_상주시,47250,61.7,562,910.9
2016,경상북도_상주시,47250,56,550,982.1
2017,경상북도_상주시,47250,47.4,812,1713
2018,경상북도_상주시,47250,42.7,499.6,1170
2019,경상북도_상주시,47250,45.7,808.9,1770
2020,경상북도_상주시,47250,35,612.5,1750
2011,경상북도_성주군,47840,10,125,1250
2012,경상북도_성주군,47840,9.5,123.5,1300
2013,경상북도_성주군,47840,-,-,-
2014,경상북도_성주군,47840,-,-,-
2015,경상북도_성주군,47840,4,236.8,5920
2016,경상북도_성주군,47840,1.8,25.9,1438.9
2017,경상북도_성주군,47840,14,119,850
2018,경상북도_성주군,47840,14,119,850
2019,경상북도_성주군,47840,28.3,234.8,830
2020,경상북도_성주군,47840,1.9,20.6,1084.8
2021,경상북도_성주군,47840,27.8,227.9,819.8
2011,경상북도_안동시,47170,102,1171,1148
2012,경상북도_안동시,47170,121,1595,1318
2013,경상북도_안동시,47170,127,1524,1200
2014,경상북도_안동시,47170,102,1589,1566
2015,경상북도_안동시,47170,115,1768,1537
2016,경상북도_안동시,47170,106,2156,2034
2017,경상북도_안동시,47170,119,1641,1374
2018,경상북도_안동시,47170,134,1619,1204
2019,경상북도_안동시,47170,90,1383,1537
2020,경상북도_안동시,47170,92,1413,1536
2021,경상북도_안동시,47170,90,1383,1537
2011,경상북도_영덕군,47770,7.2,91.7,1274
2012,경상북도_영덕군,47770,7.2,91.7,1274
2013,경상북도_영덕군,47770,8.6,154,1791
2014,경상북도_영덕군,47770,9,203,2256
2015,경상북도_영덕군,47770,4,48,1200
2016,경상북도_영덕군,47770,4,50,1250
2017,경상북도_영덕군,47770,5.3,66,1245
2018,경상북도_영덕군,47770,2.1,30,1429
2019,경상북도_영덕군,47770,3,36,1200
2020,경상북도_영덕군,47770,2,36,1800
2021,경상북도_영덕군,47770,0.6,7,1167
2011,경상북도_영양군,47760,7.9,100.1,1267.1
2012,경상북도_영양군,47760,6.9,83,1202.9
2013,경상북도_영양군,47760,2.6,29,1115.3
2014,경상북도_영양군,47760,5.9,64.7,1096.6
2015,경상북도_영양군,47760,9,95.9,1065.6
2016,경상북도_영양군,47760,0.6,6.4,1066.7
2017,경상북도_영양군,47760,3.3,18.6,563.7
2018,경상북도_영양군,47760,2,20.8,1040
2019,경상북도_영양군,47760,1.7,17.6,1035.3
2020,경상북도_영양군,47760,2,18.6,932.1
2011,경상북도_영주시,47210,8,84,1050
2012,경상북도_영주시,47210,8,100,1250
2013,경상북도_영주시,47210,8,83,1037.5
2014,경상북도_영주시,47210,9.8,120.8,1232.7
2015,경상북도_영주시,47210,10,124,1240
2016,경상북도_영주시,47210,10,114,1140
2017,경상북도_영주시,47210,8,109,1362.5
2018,경상북도_영주시,47210,8,107,1338
2019,경상북도_영주시,47210,8,106,1325
2020,경상북도_영주시,47210,8,104,1300
2021,경상북도_영주시,47210,8,105,1312
2011,경상북도_영천시,47230,871,17742.3,2037
2012,경상북도_영천시,47230,747.1,13107.2,1754
2013,경상북도_영천시,47230,1071.8,16229.5,1514
2014,경상북도_영천시,47230,1148.7,19205.6,1672
2015,경상북도_영천시,47230,1035,17097.8,1652
2016,경상북도_영천시,47230,1143.5,20480.4,1791
2017,경상북도_영천시,47230,1328.6,26732.2,2012
2018,경상북도_영천시,47230,1601,24203,1512
2019,경상북도_영천시,47230,1691,39312,2324.7
2020,경상북도_영천시,47230,1206,25170.1,2087
2021,경상북도_영천시,47230,1265,24882.4,1967
2010,경상북도_예천군,47900,126,1408,1117.5
2011,경상북도_예천군,47900,117,1380,1179.5
2012,경상북도_예천군,47900,120,1390,1158.3
2013,경상북도_예천군,47900,94,1050,1117
2014,경상북도_예천군,47900,83,1124.6,1355
2015,경상북도_예천군,47900,84.8,924.6,1090.3
2016,경상북도_예천군,47900,55,745.2,1354.8
2017,경상북도_예천군,47900,67.5,1062.5,1574.1
2018,경상북도_예천군,47900,63.8,1008.5,1580.7
2019,경상북도_예천군,47900,4.3,910.8,21181.4
2020,경상북도_예천군,47900,79.4,1329.6,1675
2011,경상북도_울진군,47930,30.7,291,947
2012,경상북도_울진군,47930,25,253,1012
2013,경상북도_울진군,47930,24,205,854
2014,경상북도_울진군,47930,23,195,848
2015,경상북도_울진군,47930,11,135,1274
2016,경상북도_울진군,47930,13,151,1162
2017,경상북도_울진군,47930,17.6,171.5,974.4
2018,경상북도_울진군,47930,13,152,1169.2
2019,경상북도_울진군,47930,11.6,194.8,1679
2020,경상북도_울진군,47930,11.5,186.6,1622.6
2021,경상북도_울진군,47930,9.5,140.3,1476.8
2011,경상북도_의성군,47730,1526.7,14350.5,940
2012,경상북도_의성군,47730,1656.6,15771,952
2013,경상북도_의성군,47730,1674.7,18123.7,1082.2
2014,경상북도_의성군,47730,1521.6,14158.5,930.5
2015,경상북도_의성군,47730,1418.5,15001,998.3
2016,경상북도_의성군,47730,1400,15682.4,1120
2017,경상북도_의성군,47730,1538.3,16025.3,1041.8
2018,경상북도_의성군,47730,1670.2,17278.6,1034.5
2019,경상북도_의성군,47730,1699.6,19262.3,1133.3
2020,경상북도_의성군,47730,1427.8,15195.3,1064.2
2021,경상북도_의성군,47730,1340.1,13561.8,1012
2011,경상북도_청도군,47820,16.1,160,994
2012,경상북도_청도군,47820,25,314,1256
2013,경상북도_청도군,47820,23,236,1026
2014,경상북도_청도군,47820,96,1440,1500
2015,경상북도_청도군,47820,30.7,466.2,1519
2016,경상북도_청도군,47820,156,2191,1404
2017,경상북도_청도군,47820,51.4,657.4,1279
2018,경상북도_청도군,47820,15.5,240.2,1551
2019,경상북도_청도군,47820,45,899,1998
2020,경상북도_청도군,47820,45.4,898.6,1978
2021,경상북도_청도군,47820,43.3,873.3,2016
2012,전라남도_고흥군,46770,2420,28500,1178
2013,전라남도_고흥군,46770,2352,31799,1352
2014,전라남도_고흥군,46770,2095,30000,1432
2015,전라남도_고흥군,46770,1597,20601,1290
2016,전라남도_고흥군,46770,1511.3,19949.1,1320
2017,전라남도_고흥군,46770,1274,16905,1327
2018,전라남도_고흥군,46770,1253,19722,1574
2019,전라남도_고흥군,46770,1253,19609.5,1565
2020,전라남도_고흥군,46770,1235,18784.4,1521
2012,전라남도_곡성군,46720,25.8,317,1229
2013,전라남도_곡성군,46720,27.3,335,1227
2014,전라남도_곡성군,46720,23.5,305,1297
2015,전라남도_곡성군,46720,8.5,110,1294
2016,전라남도_곡성군,46720,24,310,1292
2017,전라남도_곡성군,46720,27.1,350,1292
2018,전라남도_곡성군,46720,12.1,121,1000
2019,전라남도_곡성군,46720,12.1,154,1273
2020,전라남도_곡성군,46720,12.3,162,1317
2010,전라남도_광양시,46230,3,37,1250
2011,전라남도_광양시,46230,2.8,34,1200
2012,전라남도_광양시,46230,3.1,39,1258
2013,전라남도_광양시,46230,3,35,1166
2014,전라남도_광양시,46230,2.9,34,1172
2015,전라남도_광양시,46230,2.7,32,1185
2016,전라남도_광양시,46230,3,35,1163
2017,전라남도_광양시,46230,2.6,33,1269
2018,전라남도_광양시,46230,2.5,32,1280
2019,전라남도_광양시,46230,2.2,29,1318
2020,전라남도_광양시,46230,1.9,25,1316
2021,전라남도_광양시,46230,2.1,27,1317
2015,전라남도_담양군,46710,26.2,367,1400
2016,전라남도_담양군,46710,44,697,1585
2017,전라남도_담양군,46710,56,683,1219
2018,전라남도_담양군,46710,50.9,621,1220
2019,전라남도_담양군,46710,49,600,1224
2020,전라남도_담양군,46710,46,700,1522
2021,전라남도_담양군,46710,45.1,670,1485
2012,전라남도_목포시,46110,56,594,1061
2013,전라남도_목포시,46110,53,573,1081
2014,전라남도_목포시,46110,53,583,1100
2015,전라남도_목포시,46110,52,588,1131
2016,전라남도_목포시,46110,53,604,1140
2017,전라남도_목포시,46110,38,441,1160
2018,전라남도_목포시,46110,34,390,1147
2019,전라남도_목포시,46110,22,242,1100
2020,전라남도_목포시,46110,20,240,1200
2021,전라남도_목포시,46110,14,154,1100
2011,전라남도_순천시,46150,10.1,120,1188
2012,전라남도_순천시,46150,6.7,67,1000
2013,전라남도_순천시,46150,6.7,67,1000
2014,전라남도_순천시,46150,4.3,51.6,1200
2015,전라남도_순천시,46150,8.1,104.5,1290
2016,전라남도_순천시,46150,15.6,207,1327
2017,전라남도_순천시,46150,9.4,114.7,1221
2018,전라남도_순천시,46150,12.9,169,1310.1
2019,전라남도_순천시,46150,14,151.2,1080.1
2020,전라남도_순천시,46150,9,115,1277.8
2021,전라남도_순천시,46150,1.4,15,1071
2012,전라남도_신안군,46910,1283,16679,1300
2013,전라남도_신안군,46910,1156.6,16241,1404
2014,전라남도_신안군,46910,1139.8,15957,1400
2015,전라남도_신안군,46910,1034.5,13831,1337
2016,전라남도_신안군,46910,1014,12674,1250
2017,전라남도_신안군,46910,872,10464,1200
2018,전라남도_신안군,46910,803,9395,1170
2019,전라남도_신안군,46910,491,6874,1400
2020,전라남도_신안군,46910,442.9,5310,1199
2021,전라남도_신안군,46910,452,6473,1432
2012,전라남도_여수시,46130,70.9,1004,1416.1
2013,전라남도_여수시,46130,71.8,929.9,1295.1
2014,전라남도_여수시,46130,126,1802.6,1430.6
2015,전라남도_여수시,46130,108,1304,1207.4
2016,전라남도_여수시,46130,114.1,1390.9,1219
2017,전라남도_여수시,46130,75.1,917.5,1221.7
2018,전라남도_여수시,46130,81.8,955.3,1166.4
2019,전라남도_여수시,46130,80.4,937.8,1166.4
2020,전라남도_여수시,46130,80.4,937.8,1222
2021,전라남도_여수시,46130,77.2,889,1150.2
2011,전라남도_영광군,46870,13.1,160,1221
2012,전라남도_영광군,46870,18.6,227,1220
2013,전라남도_영광군,46870,20.5,269.5,1315
2014,전라남도_영광군,46870,22,286,1300
2015,전라남도_영광군,46870,16.2,234,1444
2016,전라남도_영광군,46870,17.7,179,1011
2017,전라남도_영광군,46870,23,280,1217
2018,전라남도_영광군,46870,21,249,1186
2019,전라남도_영광군,46870,14.3,220,1538
2020,전라남도_영광군,46870,41.8,445.7,1066
2021,전라남도_영광군,46870,42,446,1067
2012,전라남도_영암군,46830,17.1,210,1230
2013,전라남도_영암군,46830,15.8,195,1234
2014,전라남도_영암군,46830,22.1,270,1224
2015,전라남도_영암군,46830,12.5,159,1226
2016,전라남도_영암군,46830,6.3,36,575
2017,전라남도_영암군,46830,4.1,45,1098
2018,전라남도_영암군,46830,4,44,1113
2019,전라남도_영암군,46830,4,43,1075
2020,전라남도_영암군,46830,7.1,87,1218
2021,전라남도_영암군,46830,7,85,1214
2012,전라남도_완도군,46890,156.8,2017.5,1286.7
2013,전라남도_완도군,46890,164.4,2178.3,1325
2014,전라남도_완도군,46890,151,1810,1198.7
2015,전라남도_완도군,46890,130,1715,1319.2
2016,전라남도_완도군,46890,156,1723,1104.5
2017,전라남도_완도군,46890,139,1594,1146.8
2018,전라남도_완도군,46890,151,1810,1198.7
2019,전라남도_완도군,46890,151,1918,1270
2020,전라남도_완도군,46890,144,1829,1270
2021,전라남도_완도군,46890,136,1727,1270
2012,전라남도_장성군,46880,14.4,170,1180.6
2013,전라남도_장성군,46880,0.7,15.9,2268.4
2014,전라남도_장성군,46880,14.6,160.7,1100.6
2015,전라남도_장성군,46880,13.2,155.4,1178
2016,전라남도_장성군,46880,10.6,148,1396
2017,전라남도_장성군,46880,11.9,223.3,1876.5
2018,전라남도_장성군,46880,9.5,123.1,1295.8
2019,전라남도_장성군,46880,5.6,85.2,1521.4
2020,전라남도_장성군,46880,2.2,29.02,1319.1
2021,전라남도_장성군,46880,24,157,654.2
2012,전라남도_장흥군,46800,18,188,1044
2013,전라남도_장흥군,46800,20,193,965
2014,전라남도_장흥군,46800,147,1351,898
2015,전라남도_장흥군,46800,48,592,1233
2016,전라남도_장흥군,46800,27,392,1453
2017,전라남도_장흥군,46800,27,369,1369
2018,전라남도_장흥군,46800,27,345,1278
2019,전라남도_장흥군,46800,39.8,519,1304
2020,전라남도_장흥군,46800,30.6,404,1320
2021,전라남도_장흥군,46800,32.3,429,1328
2012,전라남도_해남군,46820,1405.3,16161,-
2013,전라남도_해남군,46820,1191,13732.3,-
2014,전라남도_해남군,46820,1064.7,12278.9,-
2015,전라남도_해남군,46820,1001,12012,-
2016,전라남도_해남군,46820,993.4,11920.8,-
2017,전라남도_해남군,46820,993,10923,-
2018,전라남도_해남군,46820,1022,12264,-
2019,전라남도_해남군,46820,1005,11055.2,-
2020,전라남도_해남군,46820,834,9174.5,-
2021,전라남도_해남군,46820,744.6,8190.7,-
2011,전라남도_화순군,46790,35,474,1354
2012,전라남도_화순군,46790,37,501,1354
2013,전라남도_화순군,46790,36,480,1333
2014,전라남도_화순군,46790,37,501,1351
2015,전라남도_화순군,46790,36,460,1277
2016,전라남도_화순군,46790,37,501,1351
2017,전라남도_화순군,46790,29,392,1350
2018,전라남도_화순군,46790,26,360,1384
2019,전라남도_화순군,46790,21,291,1386
2020,전라남도_화순군,46790,15,208,1387
2021,전라남도_화순군,46790,13.9,193,1388
2012,전라북도_고창군,45790,16,213,1356
2013,전라북도_고창군,45790,15,204,1356
2014,전라북도_고창군,45790,35,476,1356
2015,전라북도_고창군,45790,28.5,386.7,1356
2016,전라북도_고창군,45790,12.09,208.9,831
2017,전라북도_고창군,45790,13.7,114.6,835
2018,전라북도_고창군,45790,42.4,611,1440
2020,전라북도_고창군,45790,21.9,117.6,537.7
2009,전라북도_군산시,45130,16,137,847
2010,전라북도_군산시,45130,16.4,138,850
2011,전라북도_군산시,45130,15,130,866
2012,전라북도_군산시,45130,14,119,850
2013,전라북도_군산시,45130,9.3,132,1422
2014,전라북도_군산시,45130,9,123,1367
2015,전라북도_군산시,45130,9,120,1333
2016,전라북도_군산시,45130,9,122,1356
2017,전라북도_군산시,45130,9,120,1333
2018,전라북도_군산시,45130,9,120,1333
2019,전라북도_군산시,45130,-,-,-
2020,전라북도_군산시,45130,9.4,123.1,1310
2010,전라북도_남원시,45190,95,1060,1115.8
2011,전라북도_남원시,45190,69,834,1208.7
2012,전라북도_남원시,45190,65,886,1363.1
2013,전라북도_남원시,45190,49.1,639.9,1303.3
2014,전라북도_남원시,45190,44.8,514.7,1148.9
2015,전라북도_남원시,45190,32.8,383.9,1170.4
2016,전라북도_남원시,45190,36.4,428.8,1178
2017,전라북도_남원시,45190,36.1,419.7,1162.6
2018,전라북도_남원시,45190,35.3,419,1187
2019,전라북도_남원시,45190,22.7,268,1180.6
2020,전라북도_남원시,45190,23.1,269,1165
2021,전라북도_남원시,45190,86,4910,5709
2009,전라북도_무주군,45730,11.5,137.2,1193
2010,전라북도_무주군,45730,8.6,94,1093
2011,전라북도_무주군,45730,10,119,1190
2012,전라북도_무주군,45730,11.5,137.2,1193
2013,전라북도_무주군,45730,12,145.4,1212
2014,전라북도_무주군,45730,4,35.9,898
2015,전라북도_무주군,45730,4.4,39.5,987.3
2016,전라북도_무주군,45730,18,175,1053
2017,전라북도_무주군,45730,18,185,1056
2018,전라북도_무주군,45730,10.4,103,995.2
2019,전라북도_무주군,45730,10,98.3,979
2020,전라북도_무주군,45730,11.9,125,1051.3
2021,전라북도_무주군,45730,11.5,119.6,1044.5
2009,전라북도_순창군,45770,41.2,438.8,1065
2010,전라북도_순창군,45770,31.8,384.8,1210
2011,전라북도_순창군,45770,20.7,250.5,1210
2012,전라북도_순창군,45770,32.1,381.9,1190
2009,전라북도_익산시,45140,79.4,882.2,1111
2010,전라북도_익산시,45140,68.3,950.7,1392
2011,전라북도_익산시,45140,64.7,904.8,1399
2012,전라북도_익산시,45140,75.8,1154.9,1523
2013,전라북도_익산시,45140,68.1,1012.6,1487
2014,전라북도_익산시,45140,30.6,314,1026
2015,전라북도_익산시,45140,65.2,713,1094
2016,전라북도_익산시,45140,66.4,720,1012
2017,전라북도_익산시,45140,67,713,1064
2018,전라북도_익산시,45140,66.7,498,746
2019,전라북도_익산시,45140,71.4,1215,1702
2020,전라북도_익산시,45140,90.4,1345.2,1422
2021,전라북도_익산시,45140,103.4,1792.5,1734
2009,전라북도_임실군,45750,20.1,201,1000
2010,전라북도_임실군,45750,5.4,63.7,1179.8
2011,전라북도_임실군,45750,9.1,84.1,-
2012,전라북도_임실군,45750,7.7,75,-
2013,전라북도_임실군,45750,7.5,71.4,-
2014,전라북도_임실군,45750,11.2,131.7,1175
2015,전라북도_임실군,45750,11.1,130.4,1175
2016,전라북도_임실군,45750,11.5,135.1,1175
2017,전라북도_임실군,45750,11.6,139.2,1200
2018,전라북도_임실군,45750,11.6,139.2,1200
2019,전라북도_임실군,45750,14.5,139.2,960
2020,전라북도_임실군,45750,14,168.4,1203
2009,전라북도_장수군,45740,7.8,8,1046
2010,전라북도_장수군,45740,6,72,1205
2011,전라북도_장수군,45740,13.8,196,1418
2012,전라북도_장수군,45740,11.4,115,1274
2013,전라북도_장수군,45740,9.1,202,2218
2014,전라북도_장수군,45740,9.1,105,1172
2015,전라북도_장수군,45740,3.4,50,1474
2016,전라북도_장수군,45740,8.8,91,1035
2017,전라북도_장수군,45740,7.8,80,1024
2018,전라북도_장수군,45740,6,63,1029
2019,전라북도_장수군,45740,7,93,1286
2020,전라북도_장수군,45740,7.15,74,1035
2021,전라북도_장수군,45740,6.14,68,1108
2009,전라북도_정읍시,45180,82,902,1100
2010,전라북도_정읍시,45180,83.5,878,1052
2011,전라북도_정읍시,45180,20,210,1052
2012,전라북도_정읍시,45180,20.5,215,1078
2013,전라북도_정읍시,45180,4,47,1177
2014,전라북도_정읍시,45180,29,329,1134
2015,전라북도_정읍시,45180,31,383,1237
2016,전라북도_정읍시,45180,30,363,1211
2017,전라북도_정읍시,45180,55,666,1211
2018,전라북도_정읍시,45180,54,660,1204
2019,전라북도_정읍시,45180,25,298,1194
2020,전라북도_정읍시,45180,26.3,318,1209
2021,전라북도_정읍시,45180,4.2,52,1236
2011,제주도,99999,2806,44614,1590
2012,제주도,99999,3016,40557,1345
2013,제주도,99999,3394,55639,1639
2014,제주도,99999,2980,45082,1513
2015,제주도,99999,2124,31129,1466
2016,제주도,99999,2125,28413,1337
2017,제주도,99999,2230,32230,1445
2018,제주도,99999,2146,27453,1279
2019,제주도,99999,2116,28491,1346
2020,제주도,99999,2122,31291,1475
2021,제주도,99999,1337,19415,1452
2013,충청남도_공주시,44150,78.8,869.3,1103.6
2014,충청남도_공주시,44150,-,-,-
2015,충청남도_공주시,44150,91.7,424.7,463.1
2016,충청남도_공주시,44150,93.8,435.3,464.1
2017,충청남도_공주시,44150,99.9,1226.3,1228
2018,충청남도_공주시,44150,163,1961,1203.1
2019,충청남도_공주시,44150,162.5,2165.3,1332.5
2020,충청남도_공주시,44150,124.6,1744.4,1400
2021,충청남도_공주시,44150,134,1561.6,1165.4
2013,충청남도_금산군,44710,30,620,2067
2014,충청남도_금산군,44710,29.9,621,2067
2015,충청남도_금산군,44710,30,620,2066
2016,충청남도_금산군,44710,32,254,794
2017,충청남도_금산군,44710,28,596,2128
2018,충청남도_금산군,44710,20,460,2300
2019,충청남도_금산군,44710,15,320,2133.3
2020,충청남도_금산군,44710,1.5,18.3,1220
2021,충청남도_금산군,44710,1.3,15,1153.8
2013,충청남도_당진시,44270,124.5,1567.9,1248
2014,충청남도_당진시,44270,118,1503,1273.7
2015,충청남도_당진시,44270,112.1,1427.8,1273.6
2016,충청남도_당진시,44270,101,1205,1193.1
2013,충청남도_부여군,44760,10,111,1110
2014,충청남도_부여군,44760,9,121.5,1350
2015,충청남도_부여군,44760,20,162,810
2016,충청남도_부여군,44760,19.2,273.2,1423
2017,충청남도_부여군,44760,21.4,277,1294
2018,충청남도_부여군,44760,21.7,278,1281
2019,충청남도_부여군,44760,17.4,225.5,1294
2020,충청남도_부여군,44760,20.3,300.7,1479
2021,충청남도_부여군,44760,20.4,301.8,1477
2013,충청남도_서산시,44210,1163,13985,1202.5
2014,충청남도_서산시,44210,1017,14777,1453
2015,충청남도_서산시,44210,1018.1,14780.8,1451.8
2016,충청남도_서산시,44210,1140.2,13477.2,1182
2017,충청남도_서산시,44210,1140,13698,1201.6
2018,충청남도_서산시,44210,1113,14150,1271.3
2019,충청남도_서산시,44210,1331,9085,682.6
2020,충청남도_서산시,44210,1180,14910,1263.6
2021,충청남도_서산시,44210,1220.4,14462.7,1185.1
2013,충청남도_아산시,44200,63,472,749.2
2014,충청남도_아산시,44200,60.3,443.4,735.3
2015,충청남도_아산시,44200,45.9,324.3,706.5
2016,충청남도_아산시,44200,47.9,352.6,736.1
2017,충청남도_아산시,44200,48,350,729.2
2018,충청남도_아산시,44200,84.5,627.1,742.1
2019,충청남도_아산시,44200,76.5,576.3,753.3
2020,충청남도_아산시,44200,83,619,745.8
2021,충청남도_아산시,44200,83,619,745.8
2012,충청남도_예산군,44810,181,1379,762
2013,충청남도_예산군,44810,160,1232,770
2014,충청남도_예산군,44810,165,1265,766.7
2015,충청남도_예산군,44810,130,1053,810
2016,충청남도_예산군,44810,106.8,1103.8,1033.5
2017,충청남도_예산군,44810,92.1,832.5,903.9
2018,충청남도_예산군,44810,93.5,1953.8,2089.6
2019,충청남도_예산군,44810,93.7,12782,13641.4
2020,충청남도_예산군,44810,67,757,1129.9
2021,충청남도_예산군,44810,65.5,1663.7,2540
2013,충청남도_태안군,44825,1011,14113.6,1396
2014,충청남도_태안군,44825,927.7,11364.5,1225
2015,충청남도_태안군,44825,861.9,10203.2,1183.8
2016,충청남도_태안군,44825,926,11280.3,1200
2017,충청남도_태안군,44825,953.1,11437.2,1280
2018,충청남도_태안군,44825,980,12691,1295
2019,충청남도_태안군,44825,911,11752,1404
2020,충청남도_태안군,44825,909,11881,1307
2021,충청남도_태안군,44825,891.2,10366,1163.2
2013,충청남도_홍성군,44800,11,190,1696
2014,충청남도_홍성군,44800,10,76,751
2015,충청남도_홍성군,44800,74.6,713.8,957.1
2016,충청남도_홍성군,44800,72.2,709.9,983.2
2017,충청남도_홍성군,44800,70,689,984.3
2018,충청남도_홍성군,44800,73.8,705,955.3
2019,충청남도_홍성군,44800,80.6,967.7,1200
2020,충청남도_홍성군,44800,89.3,1071,1200
2021,충청남도_홍성군,44800,88.6,911,1028
2013,충청북도_단양군,43800,298.9,2126,711.3
2014,충청북도_단양군,43800,98.1,738.7,3417
2015,충청북도_단양군,43800,314.5,6460.2,2054.1
2016,충청북도_단양군,43800,202,1713,848
2017,충청북도_단양군,43800,219.1,1887,861.3
2018,충청북도_단양군,43800,219.1,1887,861.3
2019,충청북도_단양군,43800,271.6,2308,850
2020,충청북도_단양군,43800,289.5,2908.4,1004.6
2021,충청북도_단양군,43800,273.3,3152.1,1153.4
2013,충청북도_보은군,43720,41.7,346.1,1153.7
2014,충청북도_보은군,43720,42.5,352.7,829.9
2015,충청북도_보은군,43720,60.7,503.7,829.8
2016,충청북도_보은군,43720,62,511.5,825
2017,충청북도_보은군,43720,61,512.8,840.7
2018,충청북도_보은군,43720,60.4,517.9,857.5
2019,충청북도_보은군,43720,78.5,983.6,1253
2020,충청북도_보은군,43720,79.4,995.5,1253.8
2021,충청북도_보은군,43720,65.2,1755.3,2692.2
2013,충청북도_옥천군,43730,6,45.9,765.5
2014,충청북도_옥천군,43730,5.8,44.1,760.3
2015,충청북도_옥천군,43730,22.6,172,761.1
2016,충청북도_옥천군,43730,21.3,161.5,758.2
2017,충청북도_옥천군,43730,18.8,142.1,755.9
2018,충청북도_옥천군,43730,10,129,1290
2019,충청북도_옥천군,43730,8.7,73,839
2020,충청북도_옥천군,43730,20.4,172.3,844.6
2021,충청북도_옥천군,43730,19.1,161.7,847
2013,충청북도_음성군,43770,24,170,710
2014,충청북도_음성군,43770,21,153,730
2015,충청북도_음성군,43770,17.2,126,730
2016,충청북도_음성군,43770,17.2,191,1110
2017,충청북도_음성군,43770,1.8,19,1056
2018,충청북도_음성군,43770,12,132,1100
2019,충청북도_음성군,43770,17.5,184,1051.4
2020,충청북도_음성군,43770,19.6,201,1070
2021,충청북도_음성군,43770,20.7,215,1039
2013,충청북도_제천시,43150,35.9,320,733
2014,충청북도_제천시,43150,-,-,-
2015,충청북도_제천시,43150,-,-,-
2016,충청북도_제천시,43150,17,125,738
2017,충청북도_제천시,43150,32,285,891
2018,충청북도_제천시,43150,25,180,720
2019,충청북도_제천시,43150,22,206,935
2020,충청북도_제천시,43150,21.3,219,1028
2021,충청북도_제천시,43150,21,175,833
2013,충청북도_증평군,43745,15.2,152,1000
2014,충청북도_증평군,43745,15,150,1000
2015,충청북도_증평군,43745,13,132,1031
2016,충청북도_증평군,43745,110,1078,980
2017,충청북도_증평군,43745,17,168,988.2
2018,충청북도_증평군,43745,4,40,1106
2019,충청북도_증평군,43745,4.4,53.2,1210
2020,충청북도_증평군,43745,3.4,41.1,1209
2021,충청북도_증평군,43745,3,27.7,923.3
2013,충청북도_진천군,43750,34,244,718
2014,충청북도_진천군,43750,35,250,714
2015,충청북도_진천군,43750,34,243,715
2016,충청북도_진천군,43750,36,255,708
2017,충청북도_진천군,43750,42,253,602
2018,충청북도_진천군,43750,44,257,584
2019,충청북도_진천군,43750,38,233,613
2020,충청북도_진천군,43750,29,179,617.2
2021,충청북도_진천군,43750,13,80,615
,,,,,
